event_id,team,timestamp,event_date,daynight,status_before,status_after,status_delta,event_Tair,event_AHin,event_Tout,event_AHout,event_Iglob,event_Windsp,CO2_pre_ppm,RHair_pre_pct,in_vp_pa,in_rh_pct_derived,out_vp_pa,out_rh_pct_derived,T_gradient_C,AH_gradient_g_m3,obs_matched_T_15,obs_matched_AH_15,obs_T_norm_15,obs_AH_norm_15,obs_matched_T_30,obs_matched_AH_30,obs_T_norm_30,obs_AH_norm_30,month,day,day_of_year,hour_decimal,outdoor_co2_ppm_fixed,sky_temperature_c_proxy,soil_boundary_temperature_c_fixed,canopy_temperature_c_closure
1,AICU,2019-12-18T01:35:00,2019-12-18,night,35,43,8,15.8,10.6144515982,7.299999993,7.62537766,0,3.1,518,78.9,1415.34185016,79.1816216909,986.865327501,96.7051222312,8.500000007,2.98907393817,0.1,0.0180710914503,-0.0117647058727,-0.00604571577157,0.233333333333,0.116570845075,-0.0274509803695,-0.0389989834599,12,18,352,1.58333333333,415,7.299999993,18,15.8
3,AICU,2019-12-30T21:40:00,2019-12-30,night,1,7,6,22.6,15.1240310586,4.30000001,5.048696001,0,3.9,838,75.6,2064.1126837,75.7136086949,646.405494014,77.9265174514,18.29999999,10.0753350576,-0.0666666666667,0.142401328351,0.00364298725154,-0.0141336568499,-0.0666666666667,0.106544860369,0.00364298725154,-0.0105748205653,12,30,364,21.6666666667,415,4.30000001,18,22.6
9,AICU,2020-01-29T22:10:00,2020-01-29,night,24,29,5,23.8,20.1548121417,7,6.517439995,0,5.9,628,93.7,2761.86961951,94.2497328587,842.575364374,84.2752711363,16.8,13.6373721467,-0.0333333333333,-0.0785255371403,0.00198412698413,0.00575811353504,-0.1,-0.240494231395,0.00595238095238,0.0176349394009,1,29,29,22.1666666667,415,7,18,23.8
11,AICU,2020-03-20T10:45:00,2020-03-20,day,18,23,5,21.2,17.8409909717,7.900000007,5.642127518,212.0000023,5.299999966,536,96.3,2423.39441279,96.7881330639,731.758162886,68.837422702,13.299999993,12.1988634537,0.166666666667,0.1246679371,-0.0125313283274,-0.0102196354253,0.233333333333,0.219421127853,-0.0175438596584,-0.0179870140104,3,20,80,10.75,415,7.900000007,18,21.2
14,AICU,2020-05-03T05:10:00,2020-05-03,night,0,6,6,21.1,15.5458603352,10.3,8.023578,0,3.5,1119,84.6,2110.92265973,84.8253023827,1049.50769917,84.0157026894,10.8,7.52228233518,0.1,-0.0117538305197,-0.00925925925926,0.00156253514506,0.366666666667,0.51270378324,-0.033950617284,-0.0681580084866,5,3,124,5.16666666667,415,10.3,18,21.1
20,AICU,2020-05-28T16:20:00,2020-05-28,day,30,36,6,29.2,15.0221754831,18.69999991,5.572493006,768.0000024,6.1,423,52.2,2095.96435501,52.0963068148,750.499346239,34.9739991976,10.50000009,9.44968247708,-0.633333333333,-0.925716491207,0.0603174598005,0.0979627086362,-0.7,-1.13531755884,0.0666666660952,0.120143461074,5,28,149,16.3333333333,415,18.69999991,18,29.2
24,Automatoes,2020-01-24T20:35:00,2020-01-24,night,8,14,6,14.4,11.2422105111,3.00000001,5.854820255,0,2.7,612,91,1491.78478656,91.292862365,746.104574747,98.5530133723,11.39999999,5.38739025609,-0.333333333333,-0.192150601567,0.0292397661075,0.0356667314661,-5.55111512313e-16,0.113313609259,4.86939923508e-17,-0.0210331169403,1,24,24,20.5833333333,415,3.00000001,18,14.4
27,Automatoes,2020-03-12T01:50:00,2020-03-12,night,7,12,5,22.1,18.4424953817,10.80000001,9.890675006,0,11.79999991,713,94.5,2512.75808096,95.004614127,1296.01161424,100,11.29999999,8.55182037567,-1,-1.87574623576,0.0884955752996,0.219338825345,-1.56666666667,-2.67741952372,0.138643067969,0.313081824232,3,12,72,1.83333333333,415,10.80000001,18,22.1
35,Automatoes,2020-05-28T13:50:00,2020-05-28,day,44,50,6,31.8,14.5515193428,17.5,5.788219999,906,5,417,43.9,2047.75534083,43.892100226,776.348012325,39.0009439265,14.3,8.76329934378,-2.37310171514e-15,-1.00702393586,1.65951168891e-16,0.11491378947,0.4,-1.79046846377,-0.027972027972,0.204314424686,5,28,149,13.8333333333,415,17.5,18,31.8
36,Automatoes,2020-05-29T13:05:00,2020-05-29,day,78,87,9,32.7,17.6108105036,18.1,6.575161461,889.9999994,3,403,50.2,2485.58670629,50.6479581379,883.717478319,42.754526131,14.6,11.0356490426,0.0666666666667,-0.31082444363,-0.00456621004566,0.0281654882673,0.6,-0.105141987065,-0.041095890411,0.00952748557511,5,29,150,13.0833333333,415,18.1,18,32.7
42,Digilog,2020-01-29T18:35:00,2020-01-29,night,37,43,6,21.8,17.9535186717,6.700000003,6.117053001,0,6.3,423,93.6,2443.65036097,94.0912951821,789.966443169,80.653209564,15.099999997,11.8364656707,1.19348975147e-15,0.154055712662,-7.90390564046e-17,-0.0130153473974,0.0333333333333,0.0878121854147,-0.0022075055192,-0.00741878427713,1,29,29,18.5833333333,415,6.700000003,18,21.8
43,Digilog,2020-02-05T18:15:00,2020-02-05,night,64,72,8,20.1,14.7004421298,6.7,5.873239521,0,4.2,428,84.6,1989.34224945,85.0014760032,758.47996306,77.4385341964,13.4,8.82720260879,0.366666666667,0.604288842756,-0.0273631840796,-0.0684575702561,1.22124532709e-15,0.200707675309,-9.11377109767e-17,-0.0227374043856,2,5,36,18.25,415,6.7,18,20.1
46,Digilog,2020-02-23T18:05:00,2020-02-23,night,40,45,5,19.9,14.1171031902,7.6,6.657316998,7.000000201,8.600000034,463,82.2,1909.09879552,82.5853325828,862.501959939,82.8082447573,12.3,7.45978619218,0.2,-0.119707430716,-0.0162601626016,0.0160470323991,0.1,0.0244961334124,-0.00813008130081,-0.00328375811067,2,23,54,18.0833333333,415,7.6,18,19.9
47,Digilog,2020-02-26T18:55:00,2020-02-26,night,40,46,6,20,13.0670596709,5.2,5.237149999,0,6.4,534,75.2,1767.70121944,75.9982451202,672.709138081,76.1689798522,14.8,7.82990967193,-0.133333333333,0.0679591958006,0.00900900900901,-0.00867943547858,0.166666666667,0.521355077981,-0.0112612612613,-0.0665850692825,2,26,57,18.9166666667,415,5.2,18,20
50,Digilog,2020-04-03T03:15:00,2020-04-03,night,13,18,5,19.8,14.0858026267,8.2,6.771617004,0,4.3,698,82.6,1904.21591116,82.8843623361,879.18525338,81.0405754664,11.6,7.31418562271,0.2,0.102559592685,-0.0172413793103,-0.0140220111952,0.233333333333,-0.192558263094,-0.0201149425287,0.0263266852972,4,3,94,3.25,415,8.2,18,19.8
56,Digilog,2020-04-17T21:40:00,2020-04-17,night,41,49,8,20.1,13.2234473532,10.60000001,6.286767,0,3.7,494,76.1,1789.46743716,76.4611385799,823.198032447,64.5972327449,9.49999999,6.93668035316,-0.133333333333,0.104954852581,0.0140350877341,-0.0151304150167,-0.1,0.162578829624,0.0105263158006,-0.0234375553359,4,17,108,21.6666666667,415,10.60000001,18,20.1
59,Digilog,2020-04-28T21:45:00,2020-04-28,night,25,34,9,19.4,15.4264112814,8.8,8.136133998,0,2,611,92.5,2082.60111692,92.9203617341,1058.59851441,93.7018033531,10.6,7.29027728343,0.0666666666667,-0.118761584337,-0.0062893081761,0.0162904070338,0.133333333333,-0.051455826408,-0.0125786163522,0.00705814393712,4,28,119,21.75,415,8.8,18,19.4
62,Digilog,2020-05-02T21:25:00,2020-05-02,night,40,47,7,20.1,13.4145878537,10.19999999,7.454979,0,4.6,451,77.2,1815.33358934,77.5663587171,974.789247612,78.5558676606,9.90000001,5.95960885366,0.266666666667,0.885360431868,-0.0269360269088,-0.148560157824,0.233333333333,1.01799973181,-0.0235690235452,-0.170816534575,5,2,123,21.4166666667,415,10.19999999,18,20.1
63,Digilog,2020-05-03T03:15:00,2020-05-03,night,10,17,7,20.3,14.1349535265,9.79999999,7.920500999,0,2,687,80.4,1914.12187926,80.7862181006,1034.19739621,85.5986506624,10.50000001,6.21445252753,-0.0666666666667,-0.183521941722,0.00634920634316,0.0295314737556,-0.233333333333,-0.400896980314,0.0222222222011,0.0645104260653,5,3,124,3.25,415,9.79999999,18,20.3
64,Digilog,2020-05-04T21:30:00,2020-05-04,night,40,48,8,19.9,13.3614431654,10.19999999,6.025717001,0,2.8,460,77.8,1806.90859235,78.1647065076,787.90351277,63.4952059946,9.70000001,7.3357261644,0.133333333333,0.458838089619,-0.0137457044532,-0.0625484211564,0.133333333333,0.563116339039,-0.0137457044532,-0.0767635441153,5,4,125,21.5,415,10.19999999,18,19.9
65,Digilog,2020-05-06T22:20:00,2020-05-06,night,47,63,16,20.5,15.0488761621,10.70000001,5.975083362,0,2,490,84.8,2039.27202815,85.0162314023,782.661473172,61.0098238676,9.79999999,9.07379280012,0.166666666667,-0.0460984793299,-0.0170068027384,0.00508039805904,0.2,-0.0314097525296,-0.0204081632861,0.0034615902326,5,6,127,22.3333333333,415,10.70000001,18,20.5
67,Digilog,2020-05-11T22:05:00,2020-05-11,night,37,43,6,19.9,13.8890949712,7.200000003,4.765870572,0,3.399999997,478,80.9,1878.26455067,81.2514799967,616.572134229,60.8330607655,12.699999997,9.12322439919,0,-0.0864181178089,-0,0.00947232184891,3.5527136788e-15,-0.0697545185584,-2.79741234617e-16,0.00764581857316,5,11,132,22.0833333333,415,7.200000003,18,19.9
68,Digilog,2020-05-12T21:35:00,2020-05-12,night,44,52,8,20.5,13.0914126311,9.200000013,4.831792,0,4.4,471,73.6,1774.01629863,73.9578526423,629.559977509,54.245564607,11.299999987,8.25962063108,0.1,0.534305063074,-0.0088495575323,-0.0646888140436,0.233333333333,0.76119896968,-0.0206489675754,-0.0921590716668,5,12,133,21.5833333333,415,9.200000013,18,20.5
69,Digilog,2020-05-17T22:05:00,2020-05-17,night,30,38,8,23.5,17.0857787653,13.2,7.100914481,0,3.2,468,80.8,2338.94613324,81.2664179187,938.323424843,62.0625064247,10.3,9.98486428428,0.333333333333,0.759803541419,-0.0323624595469,-0.0760955301731,0.333333333333,0.966335241451,-0.0323624595469,-0.0967800076133,5,17,138,22.0833333333,415,13.2,18,23.5
81,IUACAAS,2019-12-19T01:15:00,2019-12-19,night,28,34,6,15.9,10.6788720417,8.199999997,7.876390457,0,3.9,718,78.9,1424.4245333,79.1836492462,1022.62226814,94.26215555,7.700000003,2.80248158473,0.333333333333,0.57573795242,-0.0432900432732,-0.205438621098,0.3,0.526819719028,-0.0389610389459,-0.18798329377,12,19,353,1.25,415,8.199999997,18,15.9
83,IUACAAS,2019-12-19T12:25:00,2019-12-19,day,17,25,8,20.3,12.1831559705,13.59999999,8.780051993,145.9999973,5.299999909,683,68.4,1649.81408378,69.631010356,1161.82736913,74.8744991794,6.70000001,3.40310397751,0.7,-0.948718486087,-0.104477611784,0.278780340641,0.733333333333,-1.25509876895,-0.109452736155,0.368809997356,12,19,353,12.4166666667,415,13.59999999,18,20.3
84,IUACAAS,2019-12-20T01:05:00,2019-12-20,night,32,38,6,15.7,11.2055883259,11.40000003,8.468151998,0,5.3,676,83.8,1493.64752558,84.0969648866,1111.95784554,82.7546464918,4.29999997,2.73743632788,0.533333333333,0.22012965733,-0.124031008617,-0.0804145305914,0.8,0.316818510991,-0.186046512926,-0.11573548132,12,20,354,1.08333333333,415,11.40000003,18,15.7
85,IUACAAS,2020-01-06T07:10:00,2020-01-06,night,25,31,6,20.1,16.1948133156,6.4,7.218227995,0,3.5,870,93.2,2191.56853013,93.6422879848,931.174728197,97.0482431082,13.7,8.97658532056,-0.1,-0.0234738000811,0.00729927007299,0.00261500328274,0.0333333333333,0.0916504415671,-0.00243309002433,-0.010209944906,1,6,6,7.16666666667,415,6.4,18,20.1
86,IUACAAS,2020-01-08T06:05:00,2020-01-08,night,20,25,5,21,17.2321553025,10.99999999,9.997148992,0,8.89999994,798,94.1,2339.10405271,94.5713890474,1310.88596492,100,10.00000001,7.23500631045,-0.1,0.0652333639748,0.00999999999,-0.00901635204942,0.1,0.285602530687,-0.00999999999,-0.0394750907507,1,8,8,6.08333333333,415,10.99999999,18,21
87,IUACAAS,2020-01-13T05:35:00,2020-01-13,night,40,45,5,20.1,16.4728358618,6.700000027,7.415039554,0,3.4,919,94.8,2229.19202421,95.2498809117,957.59059501,97.7671336252,13.399999973,9.05779630775,-0.133333333333,-0.0874590360953,0.00995024877627,0.00965566381973,0.0333333333333,0.0127473823845,-0.00248756219407,-0.00140733815946,1,13,13,5.58333333333,415,6.700000027,18,20.1
88,IUACAAS,2020-01-13T06:50:00,2020-01-13,night,45,50,5,19.7,16.1251267505,6.200000013,7.087090007,0,2.9,926,94.9,2179.16168384,95.439869423,913.603411882,96.5358724059,13.499999987,9.03803674353,-0.2,-0.190543504427,0.0148148148291,0.0210823998435,0.166666666667,0.137858597823,-0.0123456790242,-0.0152531574871,1,13,13,6.83333333333,415,6.200000013,18,19.7
89,IUACAAS,2020-01-15T02:45:00,2020-01-15,night,2,9,7,20,15.9275442331,12.4,8.604090002,0,10.7,864,92.2,2154.66524778,92.6348728235,1133.7784495,79.0099575205,7.6,7.32345423113,-0.2,-0.112138857656,0.0263157894737,0.0153122903642,0.0333333333333,0.0992531073586,-0.00438596491228,-0.013552772261,1,15,15,2.75,415,12.4,18,20
91,IUACAAS,2020-01-23T06:25:00,2020-01-23,night,54,60,6,22.4,18.7636068994,6.39999999,7.426489345,0,0,828,94.7,2559.10660781,95.013268411,958.041115053,99.8482930108,16.00000001,11.3371175544,-0.1,-0.0856553228214,0.00624999999609,0.00755529987322,-0.0666666666667,-0.130227328805,0.00416666666406,0.0114868111916,1,23,23,6.41666666667,415,6.39999999,18,22.4
95,IUACAAS,2020-05-17T15:20:00,2020-05-17,day,24,30,6,27.5,15.3325218163,17.7,5.74727631,844,6.80000001,415,58.9,2127.23704849,58.3406390892,771.38685499,38.2677020887,9.8,9.58524550625,-0.0666666666667,-0.961855415724,0.00680272108844,0.100347499195,-0.4,-0.42255801135,0.0408163265306,0.0440842137089,5,17,138,15.3333333333,415,17.7,18,27.5
104,Reference,2019-12-18T00:35:00,2019-12-18,night,34,45,11,15,9.9957891021,6.900000003,7.582106001,0,3.1,668,78,1329.15857396,78.2626049956,979.86561403,98.6800505268,8.099999997,2.4136831011,0.433333333333,0.559567636286,-0.0534979424066,-0.231831443005,0.666666666667,1.02646467331,-0.0823045267795,-0.4252690309,12,18,352,0.583333333333,415,6.900000003,18,15
105,Reference,2019-12-19T01:35:00,2019-12-19,night,25,30,5,16.1,10.8635294273,8.5,7.996899599,0,3.9,630,79.3,1450.05809268,79.5891823371,1039.37552933,93.8817513408,7.6,2.86662982831,0.333333333333,0.39140782953,-0.0438596491228,-0.136539369564,0.533333333333,0.57601386211,-0.0701754385965,-0.200937650345,12,19,353,1.58333333333,415,8.5,18,16.1
110,Reference,2019-12-24T01:20:00,2019-12-24,night,84,95,11,17.8,11.9538839259,6.8,7.288214682,0,3.4,631,78.8,1604.97578599,79.1229682252,941.548546482,95.4727499708,11,4.66566924394,0.333333333333,0.495104367977,-0.030303030303,-0.106116473777,0.366666666667,0.579690165478,-0.0333333333333,-0.124245876673,12,24,358,1.33333333333,415,6.8,18,17.8
117,Reference,2020-04-19T13:10:00,2020-04-19,day,24,35,11,27,16.5536874262,13.90000005,4.549113749,788,6.5,630,64.5,2292.84230779,64.7443704637,602.594878578,38.0871024366,13.09999995,12.0045736772,-0.1,-0.775595885192,0.0076335878154,0.0646083656155,-0.366666666667,-1.28527261703,0.0279898219898,0.107065244597,4,19,110,13.1666666667,415,13.90000005,18,27
118,Reference,2020-04-19T15:00:00,2020-04-19,day,33,41,8,26.9,14.0554936554,16.49999999,4.136718268,776,5.900000017,632,54.9,1946.17022211,55.2775631423,552.930524358,29.5876441735,10.40000001,9.91877538742,-0.166666666667,-0.26318860615,0.0160256410102,0.0265343851302,0.1,-0.444170381777,-0.00961538460614,0.0447807682328,4,19,110,15,415,16.49999999,18,26.9
119,Reference,2020-04-21T13:20:00,2020-04-21,day,24,29,5,27.3,14.9726554242,16.50000002,4.023221495,816.9999993,8.7,635,57.1,2075.92723683,57.6010908514,537.760085882,28.7758648521,10.79999998,10.9494339292,0.2,-0.567016695667,-0.0185185185528,0.051785023713,0.766666666667,0.582136693766,-0.0709876544524,-0.0531659168438,4,21,112,13.3333333333,415,16.50000002,18,27.3
126,Reference,2020-05-09T09:05:00,2020-05-09,day,23,29,6,24.4,17.8926743455,16.10000001,7.698176989,312.9999992,1,705,80.4,2456.83675658,80.8870342476,1027.54854368,56.3989461963,8.29999999,10.1944973565,0.4,0.399115227,-0.0481927711424,-0.0391500642986,0.633333333333,1.04780885034,-0.0763052209755,-0.102781806076,5,9,130,9.08333333333,415,16.10000001,18,24.4
127,Reference,2020-05-09T11:10:00,2020-05-09,day,93,100,7,26.9,13.5946577979,20,6.822431009,685.9999995,4,496,53.1,1882.36136237,53.4651840231,922.932925837,39.6793767838,6.9,6.77222678886,-0.166666666667,-0.237021210592,0.024154589372,0.0349990066755,-0.333333333333,-0.886754668911,0.048309178744,0.130939895629,5,9,130,11.1666666667,415,20,18,26.9
129,Reference,2020-05-17T11:30:00,2020-05-17,day,31,38,7,27.9,16.8569670286,15.79999997,6.062509988,790.999997,7.99999995,457,62.3,2341.85044945,62.7495625117,808.381292501,45.2250753413,12.10000003,10.7944570406,-0.4,-0.821738580064,0.0330578511577,0.0761259762277,-0.133333333333,-1.36257311224,0.0110192837192,0.12622896243,5,17,138,11.5,415,15.79999997,18,27.9
134,Reference,2020-05-18T15:10:00,2020-05-18,day,51,64,13,29,15.5472847787,18.20000001,8.19929597,878.9999995,8.5,447,53.8,2167.79515269,54.5055086338,1102.38342452,53.0009629593,10.79999999,7.34798880874,-0.366666666667,-0.840196132145,0.0339506173154,0.114343686962,0.3,-0.585788570395,-0.0277777778035,0.0797209393812,5,18,139,15.1666666667,415,18.20000001,18,29
135,Reference,2020-05-21T11:05:00,2020-05-21,day,90,99,9,28.4,15.7971996135,19.99999999,9.624050006,674.0000008,3,456,56.8,2198.26744045,57.2196247335,1301.93366828,55.973641374,8.40000001,6.17314960745,-0.533333333333,-0.423421187337,0.0634920634165,0.0685907865938,-0.5,-0.461551999079,0.0595238094529,0.0747676677917,5,21,142,11.0833333333,415,19.99999999,18,28.4
138,Reference,2020-05-26T09:00:00,2020-05-26,day,19,33,14,25.3,17.6067570467,15.10000002,9.576620993,412.0000009,1.5,648,75.4,2424.89000489,75.6773779144,1273.86294482,74.5273584529,10.19999998,8.03013605373,0.866666666667,0.340131440271,-0.084967320428,-0.0423568714149,0.666666666667,-0.142658440665,-0.0653594772523,0.0177653827669,5,26,147,9,415,15.10000002,18,25.3
142,TheAutomators,2020-04-08T04:05:00,2020-04-08,night,31,38,7,22.3,18.1624907022,10.1,7.010154719,0,0,813,92,2476.28420764,92.4968750459,916.301949311,74.3364647957,12.2,11.1523359832,0.2,0.0629621132762,-0.016393442623,-0.00564564351103,0.2,0.213646309971,-0.016393442623,-0.0191570905229,4,8,99,4.08333333333,415,10.1,18,22.3
145,TheAutomators,2020-04-17T04:25:00,2020-04-17,night,34,41,7,22.5,17.8332697031,8.000000013,6.131546003,0,3.8,837,89.5,2433.04392604,89.7877634785,795.516455387,74.3290930578,14.499999987,11.7017237001,0.0333333333333,0.491195415279,-0.00229885057677,-0.0419763299722,0.133333333333,0.687601252515,-0.00919540230709,-0.0587606809166,4,17,108,4.41666666667,415,8.000000013,18,22.5
146,TheAutomators,2020-04-18T03:35:00,2020-04-18,night,16,21,5,21.6,17.1973619404,6.299999993,5.751018518,0,4.1,859,90.7,2339.14279277,91.1706057241,741.634575364,77.8273965056,15.300000007,11.4463434224,0.0333333333333,-0.0148728363232,-0.00217864923648,0.00129935262069,0.166666666667,0.0900223572057,-0.0108932461824,-0.00786472621724,4,18,109,3.58333333333,415,6.299999993,18,21.6
147,TheAutomators,2020-04-18T05:35:00,2020-04-18,night,35,42,7,22.3,18.103265189,6.69999999,5.980328001,0,2.600000017,1009,91.7,2468.20936783,92.195254801,772.309548233,78.8504935064,15.60000001,12.122937188,1.19348975147e-15,-0.000391669674197,-7.65057532504e-17,3.23081500896e-05,0.333333333333,0.622246059637,-0.0213675213538,-0.0513279950219,4,18,109,5.58333333333,415,6.69999999,18,22.3
148,TheAutomators,2020-04-20T03:30:00,2020-04-20,night,22,30,8,21.8,17.2054553937,8.399999993,4.132006643,0,4.8,833,89.8,2341.83159593,90.1708245494,536.855777715,48.8204472383,13.400000007,13.0734487507,0.2,0.161972489509,-0.0149253731265,-0.0123894232193,0.0666666666667,0.0668792429221,-0.00497512437551,-0.00511565419327,4,20,111,3.5,415,8.399999993,18,21.8
149,TheAutomators,2020-04-21T04:20:00,2020-04-21,night,28,33,5,22.4,17.5524111101,10.40000001,4.101917271,0,6.7,1150,88,2393.91559926,88.8801367991,536.732183772,42.6817025207,11.99999999,13.4504938391,0.3,0.0839162347722,-0.0250000000208,-0.00623889619043,0.3,0.1449830237,-0.0250000000208,-0.0107790111973,4,21,112,4.33333333333,415,10.40000001,18,22.4
150,TheAutomators,2020-04-22T03:40:00,2020-04-22,night,37,45,8,22.3,17.3135916802,9.900000034,5.170385,0,2.6,1139,87.9,2360.54483706,88.1736515381,675.347242467,55.5249542913,12.399999966,12.1432066802,0.0666666666667,0.173485783832,-0.00537634410076,-0.0142866533035,0.266666666667,0.408935832269,-0.0215053764031,-0.0336760991588,4,22,113,3.66666666667,415,9.900000034,18,22.3
151,TheAutomators,2020-04-22T11:50:00,2020-04-22,day,24,34,10,25.1,14.4695970627,15.9,5.094136006,719.9999996,6.2,625,62.5,1991.48930501,62.8926941977,679.492391571,37.7729293072,9.2,9.37546105667,0.3,-0.443034498885,-0.0326086956522,0.0472546892582,0.0333333333333,-1.44122945342,-0.0036231884058,0.153723581668,4,22,113,11.8333333333,415,15.9,18,25.1
152,TheAutomators,2020-04-22T13:30:00,2020-04-22,day,35,41,6,27,13.0214677906,18.59999998,4.341344013,821.0000001,8.2,567,50.3,1803.59647317,50.9292408942,584.488747442,27.408049557,8.40000002,8.68012377756,-0.2,-0.191146154391,0.0238095237528,0.0220211323352,-0.166666666667,0.7304035187,0.019841269794,-0.084146670879,4,22,113,13.5,415,18.59999998,18,27
153,TheAutomators,2020-04-27T05:50:00,2020-04-27,night,36,42,6,22.9,18.8600086742,7.399999973,6.934022434,0,0,1451,92.3,2576.6061689,92.8155349042,897.711118446,87.3708210633,15.500000027,11.9259862402,-0.1,-0.12023878169,0.00645161289199,0.0100820828792,0.233333333333,0.28383521214,-0.0150537634146,-0.0237997266158,4,27,118,5.83333333333,415,7.399999973,18,22.9
154,TheAutomators,2020-04-29T06:20:00,2020-04-29,night,63,81,18,23.6,19.2887698572,10.5,9.151282,0,1.5,1424,90.7,2641.41322341,91.2264150272,1197.85931671,94.6240426318,13.1,10.1374878572,-0.0666666666667,-0.0352819333673,0.00508905852417,0.00348034284868,0.166666666667,0.274283509639,-0.0127226463104,-0.0270563588834,4,29,120,6.33333333333,415,10.5,18,23.6
155,TheAutomators,2020-05-05T03:35:00,2020-05-05,night,0,7,7,20.6,15.5832866932,6.099999993,5.938563998,0,1.8,910,86.8,2112.40907528,87.5260450897,765.271802676,81.4212283763,14.500000007,9.64472269522,0.166666666667,0.236382306829,-0.011494252868,-0.0245089790862,-0.0333333333333,-0.0242325336709,0.0022988505736,0.0025125174084,5,5,126,3.58333333333,415,6.099999993,18,20.6
156,TheAutomators,2020-05-08T05:25:00,2020-05-08,night,24,29,5,21.9,17.3243412384,9.199999997,7.768650528,0,0,955,89.8,2358.81258994,90.2740656395,1012.21895549,87.2170893439,12.700000003,9.55569071038,0.2,0.242587742565,-0.0157480314923,-0.0253867302656,0.266666666667,0.260157944385,-0.0209973753231,-0.0272254463094,5,8,129,5.41666666667,415,9.199999997,18,21.9
158,TheAutomators,2020-05-22T03:20:00,2020-05-22,night,73,81,8,23.6,17.9489765815,19.1,11.4148722,0,0,910,84.5,2457.9413016,84.8898503668,1539.45380731,69.9768948991,4.5,6.53410438153,-0.133333333333,-0.230974166279,0.0296296296296,0.0353490169107,0,-0.14214352265,-0,0.0217540942645,5,22,143,3.33333333333,415,19.1,18,23.6
159,TheAutomators,2020-05-23T02:25:00,2020-05-23,night,27,35,8,20.1,13.0213631647,14,8.457082013,0,6.59999995,651,74.9,1762.12032674,75.2926394186,1120.65117676,70.3743075626,6.1,4.56428115172,0.0333333333333,0.103047727512,-0.00546448087432,-0.0225769894724,-0.1,0.0879946488651,0.016393442623,-0.0192789720747,5,23,144,2.41666666667,415,14,18,20.1