time_s,global_radiation_w_m2,outdoor_temperature_c,outdoor_vapor_pressure_pa,outdoor_rh_pct,outdoor_co2_ppm,wind_speed_m_s,sky_temperature_c,soil_boundary_temperature_c
0,180,18.000000000,1684.323516865,82,415,1.200000000,12.000000000,18.000000000
900,240,18.400000000,1684.874985149,80,415,1.300000000,12.400000000,18.000000000
1800,310,18.900000000,1694.756523203,78,415,1.400000000,12.900000000,18.000000000
2700,380,19.500000000,1713.953441377,76,415,1.500000000,13.500000000,18.000000000
3600,450,20.100000000,1731.867884905,74,415,1.600000000,14.100000000,18.000000000
4500,520,20.700000000,1748.391003637,72,415,1.700000000,14.700000000,18.000000000
5400,580,21.300000000,1763.409060574,70,415,1.800000000,15.300000000,18.000000000
6300,620,21.800000000,1792.002911433,69,415,1.900000000,15.800000000,18.000000000
7200,650,22.200000000,1809.462668181,68,415,2.000000000,16.200000000,18.000000000
8100,670,22.500000000,1815.547427946,67,415,2.000000000,16.500000000,18.000000000
9000,680,22.700000000,1810.206164695,66,415,1.900000000,16.700000000,18.000000000
9900,675,22.800000000,1793.577296540,65,415,1.800000000,16.800000000,18.000000000
10800,650,22.800000000,1793.577296540,65,415,1.700000000,16.800000000,18.000000000
