event_id,pre15_Iglob_median,pre15_Tout_median,pre15_Windsp_median,pre15_out_vp_pa_median,pre15_AHout_median,pre15_weather_points
1,0,7.2999999965,3.1,985.134813629,7.6106519695,4
3,0,4.3499999985,3.9,647.438821421,5.0558542995,4
9,0,7,5.9,847.080194668,6.5522854965,4
11,209.50000115,7.9000000085,5.0500000165,726.796269811,5.605838259,4
14,0,10.35,3.5,1048.61644482,8.0139369985,4
20,767.00000125,18.64999996,6.1,757.097706415,5.620531456,4
24,0,3.0499999985,2.7,748.388741923,5.871678352,4
27,0,10.80000001,11.799999955,1296.01161411,9.890675005,4
35,906.0000001,17.549999995,5,784.226241867,5.8459619995,4
36,893.4999997,17.95,3,869.475148029,6.47356924,4
42,0,6.700000008,6.3,789.475994874,6.113255247,4
43,0,6.74999999,4.2,756.087177518,5.8547177625,4
46,4.5000001005,7.55,8.350000017,861.980320953,6.6532906695,4
47,0,5.2,6.4,666.078190934,5.1855269975,4
50,0,8.2499999985,4.3,877.82556168,6.7599451875,4
56,0,10.55,3.7,823.085425579,6.2880308595,4
59,0,8.7499999985,2.0000000085,1054.44160492,8.105616999,4
62,0,10.15,4.599999983,974.445224636,7.454979,4
63,0,9.8499999935,2,1034.83088667,7.925354362,4
64,0,10.15,2.8,784.921763799,6.0018583455,4
65,0,10.700000005,2,776.192764028,5.92673468,4
67,0,7.2000000015,3.6499999985,615.555359371,4.758011285,4
68,0,9.2000000065,4.649999983,634.063653624,4.8655014975,4
69,0,13.20000001,3.2,938.323424777,7.1009144805,4
81,0,8.25,3.9,1025.58525922,7.897804499,4
83,165.99999845,13.79999999,5.0499999545,1158.87441641,8.7516519965,4
84,0,11.400000015,5.050000025,1110.60908971,8.4578805035,4
85,0,6.4,3.5,929.255483025,7.203350498,4
86,0,11.049999995,8.899999953,1315.95054274,10.034000646,4
87,0,6.7000000135,3.4,957.59059406,7.415039547,4
88,0,6.1500000065,2.65,910.909603055,7.0674548085,4
89,0,12.4,10.7,1133.77844917,8.6040899995,4
91,0,6.3999999935,0,958.041115259,7.4264893465,4
95,836.9999997,17.599999965,6.800000005,764.446895155,5.6975114205,4
104,0,6.900000008,3.1,979.86561403,7.582106001,4
105,0,8.5000000065,3.9,1039.37552994,7.9968996035,4
110,0,6.799999995,3.4,941.055263201,7.28439634,4
117,789.50000005,14.050000025,6.5,606.152481653,4.5735681045,4
118,770.9999999,16.55,5.6500000085,551.861973934,4.128012885,4
119,815.9999997,16.55000001,8.7,532.824481339,3.985614537,4
126,317.50000195,16.25000003,1,1009.22929587,7.5506952425,4
127,691.49999955,20.099999995,4,935.491460662,6.9081663715,4
129,790.999998,15.65,7.999999975,804.074946664,6.039608229,4
134,876.5,18.25,8.5,1103.79308329,8.2083704795,4
135,672.0000003,20.049999995,3,1299.44002247,9.6023485045,4
138,413.00000005,15.150000005,1.4999999985,1275.70568391,9.590469496,4
142,0,10.1,0,916.301949295,7.010154719,4
145,0,8.050000003,3.8,792.62234405,6.109247197,4
146,0,6.250000003,4.1,740.014256485,5.7394785855,4
147,0,6.6999999915,2.6000000085,774.762012946,5.9993184995,4
148,0,8.350000003,4.8,534.287400318,4.1144275675,4
149,0,10.400000005,6.7,536.813385475,4.103261635,4
150,0,9.8000000205,2.6,675.19237223,5.171025999,4
151,727.4999993,16.1,6.2,665.275712891,4.9833396785,4
152,822.00000015,18.6,7.95,587.537636885,4.3677100085,4
153,0,7.449999983,0,901.637628418,6.963115451,4
154,0,10.55,1.75,1196.80366352,9.1416040005,4
155,0,6.050000003,1.8,763.552662658,5.926282256,4
156,0,9.35,0,1013.72644334,7.7760852655,4
158,0,19.1,0,1527.21648928,11.3241339,4
159,0,14,6.35,1128.36787558,8.5183045065,4
